"","x"
"1",221
"2",-296
"3",579
"4",71
"5",423
"6",-197
"7",400
"8",1255
"9",442
"10",1647
"11",199
"12",1255
"13",1026
"14",79
"15",1528
"16",383
"17",94
"18",640
"19",161
"20",103
"21",-57
"22",1
"23",-17
"24",-218
"25",-276
"26",-146
"27",-145
"28",-279
"29",-278
"30",-771
"31",-806
"32",342
"33",1234
"34",762
"35",1297
"36",373
"37",234
"38",-214
"39",-576
"40",-536
"41",-740
"42",-792
"43",-408
"44",-308
"45",-188
"46",-97
"47",-381
"48",-514
"49",-374
"50",-422
"51",-581
"52",-291
"53",-265
"54",1041
"55",-8
"56",-230
"57",-123
"58",174
"59",-97
"60",-333
"61",103
"62",336
"63",2736
"64",286
"65",845
"66",765
"67",328
"68",-34
"69",366
"70",-131
"71",-158
"72",110
"73",-349
"74",-228
"75",93
"76",-431
"77",-710
"78",-693
"79",-734
"80",-729
"81",-254
"82",-258
"83",268
"84",95
"85",465
"86",713
"87",166
"88",328
"89",404
"90",2
"91",203
"92",-183
"93",1796
"94",458
"95",1117
"96",65
"97",645
"98",944
"99",1064
"100",-46
"101",2
"102",-280
"103",-180
"104",-161
"105",-300
"106",-706
"107",-148
"108",-147
"109",-145
"110",-148
"111",-279
"112",-394
"113",-406
"114",-445
"115",-243
"116",-357
"117",30
"118",-423
"119",-98
"120",38
"121",-20
"122",-231
"123",419
"124",320
"125",159
"126",278
"127",724
"128",747
"129",-227
"130",1227
"131",529
"132",1412
"133",6
"134",-232
"135",-726
"136",-713
"137",-525
"138",-612
"139",-569
"140",-146
"141",-273
"142",-264
"143",-586
"144",-483
"145",-402
"146",-328
"147",636
"148",313
"149",1799
"150",1402
"151",2014
"152",860
"153",1068
"154",-51
"155",618
"156",1627
"157",-272
"158",24
"159",-187
"160",-294
"161",-701
"162",-691
"163",-668
"164",-6
"165",418
"166",-206
"167",-134
"168",347
"169",141
"170",1088
"171",330
"172",1796
"173",908
"174",1725
"175",658
"176",323
"177",-173
"178",-336
"179",-416
"180",-397
"181",-144
"182",-279
"183",-219
"184",-137
"185",-215
"186",-125
"187",-97
"188",-119
"189",-403
"190",-786
"191",-633
"192",-835
"193",-503
"194",-153
"195",945
"196",513
"197",397
"198",-294
"199",1508
"200",359
"201",606
"202",1673
"203",1128
"204",333
"205",579
"206",35
"207",-54
"208",-171
"209",-519
"210",-504
"211",-831
"212",-726
"213",-726
"214",-450
"215",-567
"216",-751
"217",-628
"218",-261
"219",-306
"220",-104
"221",1326
"222",-204
"223",1485
"224",136
"225",101
"226",1656
"227",501
"228",318
"229",360
"230",1140
"231",565
"232",518
"233",-125
"234",-209
"235",-163
"236",-683
"237",-397
"238",-335
"239",-253
"240",-264
"241",-434
"242",-664
"243",-656
"244",-539
"245",-546
"246",-385
"247",-645
"248",-660
"249",-385
"250",-497
"251",-573
"252",-566
"253",-699
"254",-552
"255",-569
"256",-636
"257",-566
"258",-385
"259",-532
"260",378
"261",-108
"262",77
"263",-138
"264",36
"265",-349
"266",-266
"267",-152
"268",243
"269",-248
"270",272
"271",-47
"272",128
"273",-161
"274",-171
"275",-228
"276",-390
"277",-662
"278",-77
"279",-333
"280",-211
"281",-314
"282",-594
"283",-405
"284",-272
"285",-705
"286",-567
"287",-425
"288",-477
"289",-330
"290",-422
"291",-121
"292",-470
"293",-268
"294",82
"295",364
"296",-351
"297",-92
"298",674
"299",528
"300",-496
"301",-311
"302",315
"303",314
"304",-131
"305",-217
"306",1037
"307",-41
"308",-354
"309",-354
"310",-354
"311",-380
"312",-389
"313",104
"314",-41
"315",-585
"316",-402
"317",210
"318",-391
"319",-202
"320",-207
"321",-522
"322",-640
"323",-550
